{
  "name": "Enhanced version of name: Enhanced version of name: enhanced version of name: john doe with more detail and polish. with more detail and polish. with more detail and polish.",
  "summary": "Enhanced version of summary: Experienced developer with more detail and polish.",
  "experience": "Enhanced version of experience: Worked as a frontend developer at xyz company with more detail and polish.",
  "education": "BCA from ABC University",
  "skills": "Enhanced version of skills: Html, css, javascript with more detail and polish."
}